0.00857664127834141,-0.00466344031505287,-0.00742282054852694,0.00272341100499034,0.00379242136143148
0.00315214264206588,0.00907234286889434,0.00149468496441841,-0.00574237471446395,0.00145460142754018
-0.0095064044278115,0.00269733457360417,0.00172913887538016,-0.000621098456904293,0.00785724163986743
-0.00572439217939973,0.000728223863989115,-0.00993666699156165,-0.00302604889497161,-0.00691630111075938
0.00788827585987747,0.00728705220855772,0.00136997990775853,-0.00793075802270323,-0.00389308782760054
0.00267154769971967,0.00907569391652942,0.00991213406436145,0.00907628763932735,0.00275410998146981
0.00718480742536485,0.00453884998802096,0.00616469987668097,-0.00899911676999181,0.00511353119742125
0.0034996671276167,0.000573426978662609,0.00171896809246391,-0.00459803381469101,0.00946746882516891
0.0017411535885185,0.00622563527431339,0.00733887236565352,-0.007877217233181,0.00311668192967773
-0.00661265244241804,-0.00472960913088173,0.000192276211455464,-0.00296480047050863,-0.00510436093900353
-0.00831298025790602,0.00748112027067691,-0.00170548883732408,-0.00628684421535581,-0.00440112597774714
0.00488255809061229,0.0094482200872153,-0.0023482580948621,0.00035573868546635,0.00741922652348876
0.00336938278749585,0.00572030592244119,0.00806536667514592,-0.00929223517421633,0.00503275653347373
0.0091578057827428,-0.00299860469531268,0.000831957221962512,-0.00202951361890882,-0.00471657305490226
-0.00883931884076446,-0.00409880408085883,0.00457575846463442,-0.00288322337437421,0.00901409856509417
-0.00850835487712175,0.00366988865658641,-0.00267875000368804,0.00604456159751862,-0.00530036262236536
-0.00373361349571496,-0.00262383905705065,0.00590334003325552,-0.00288235730025917,-0.0061040509538725
-0.00282206373289228,-0.00807926666457206,-0.00673431834671646,0.00262247833888978,0.00878842372447252
0.00119535229168832,0.00700970357749611,0.00334556084126234,-0.00226249027997255,-0.00699771671555936
-0.00115771433804184,-0.00360311421565711,0.00755207465961576,0.00128755224868655,0.0094163246685639
-0.00213848745450377,-0.00979197025299072,0.00914339517708868,-0.00352987270336598,-0.00457733413204551
0.00264710427261889,0.00872016503475607,0.00223965355660766,-0.000771573758684099,-0.000879942071624101
0.00499998783227056,0.00451098489575088,-0.00217133005615324,0.00022959309630096,0.00061619633808732
0.00130308778490871,-0.00867858997080475,-0.00690647087059915,-0.0010949125373736,-0.0017649591062218
-0.00814880167599768,-0.00538676080293953,-0.00871568818576634,-0.00378516367636621,0.00706125128548592
0.00552115686703473,0.00958084145560861,-0.0010379303060472,-0.00539627462625504,0.0027989566186443
-0.00662430023774505,-0.00110166113823652,-0.000631232745945454,-0.00591353928670287,0.0073918737238273
-0.00618396753445268,-0.00366806084755808,0.00331300660967827,0.0078999599115923,0.00247229096014053
0.00139533495064825,-0.00446022169664502,-0.00220768966246396,0.00601523466873914,0.00681410205084831
0.000782674499787391,-0.000279393289238214,0.00257633070461452,-0.000383648052811623,-0.00493616645690054
0.00413432779721916,-0.00962485509458929,-0.00192316059488803,-0.00277629524003714,-0.00713144828565419
0.00919702386017889,-0.00866684717591852,0.00731629576068372,-0.00647862556856126,0.00463237441610545
-0.00366018850822002,0.00189126117154956,-0.008920589950867,0.00416192795149982,0.0028057241300121
-0.00216623710468412,-0.00358470323029906,-0.00339804939925671,-0.00767853612080216,-0.00273005234543234
0.00738828853704035,-0.00138533864635974,-0.00175678202416748,6.06997543945911e-05,-0.0075368499616161
0.00995035971049219,-0.0060483388369903,-0.00815875672735274,0.0058048391668126,0.00522029859013855
0.0032190767256543,-0.00133587659802288,0.0059111197385937,-0.00419653014279902,-0.00542173882946372
-0.00581907609477639,-0.00889296795707196,0.00657209743745625,-0.000842649713158608,0.00683378748595715
-0.00151704326737672,0.000406145961023867,-0.00568685593083501,-0.00644915357697755,-0.00119622335303575
-0.00100088747218251,-0.0050829118443653,0.00965963435359299,-0.0056474673980847,-0.00424131787382066
0.000202092695981265,-0.000967981382273138,-0.00335914608556777,0.00131201220676303,-0.00345957726705819
0.00964886394329369,0.0040803232556209,0.00957369040697813,0.00467655489221215,-0.00499299002345651
0.00125423518940806,-0.00843065078370273,0.00256615757010877,0.00691093521658331,-0.00200509945861995
0.00100223449524492,-0.00913060580380261,-0.00971514314878732,-0.00494365594815463,-0.00131892889738083
0.00128133558668196,-0.00926553393248469,0.00248394816182554,0.00719410452526063,-0.00981195676606149
0.00753265435341746,-0.00863896147347987,0.00357915758155286,0.00691379381343722,-0.00181012384593487
-0.00216495978180319,-0.000516940983943641,-0.00453549655154347,-0.00693543792702258,0.00390242652967572
0.00528292791452259,0.00753929313272238,0.00434257974848151,0.00446213496848941,-0.00795872983057052
-0.00707582081668079,0.00218809292186052,0.00387278050649911,-0.00879871502984315,0.00935706517659128
0.00666955661494285,0.00760983131360263,-0.00319279502611607,0.00536284963134676,-0.00826203855220228
-0.00198292221873999,-0.00747446842957288,0.00633029772434384,0.00545843855943531,-0.00804968982003629
0.00989208810962736,-0.00497488421853632,0.0092563859699294,-0.00621708044782281,-0.00684861903544515
0.00175025138538331,0.00533387128729373,-0.00955003646668047,-0.00344817796722055,0.00549585237167776
0.00626381052657962,-0.000379472686909139,-0.00232130371965468,0.000624787155538797,0.00196496088989079
-0.00096057079732418,0.000298774046823382,0.00621105910744518,0.00916495993267745,-0.00957615617197007
-0.004908910789527,-0.00614698170218617,0.00194548628758639,0.00816550373099744,-0.000379452407360077
0.00867048774845898,-0.00772771059069782,0.00478536157868802,-0.00365239569917321,-0.0012005401076749
0.00902810938190669,-0.00052003437653184,0.00295724347699434,0.00523452346678823,-0.00200458953157067
0.00508272959850728,-0.00279879671055824,0.00160228678956628,-0.0027729327371344,-0.0066459591826424
0.00589809550438076,-0.00205209167674184,-0.00922390359453857,-0.00993414112366736,-0.00341429595369846
0.00711046406533569,-0.00526030409149826,-0.00609722059685737,-0.00818407032173127,0.00263918315991759
0.00653617788571864,0.000110951163806021,0.00358005300629884,0.00735686079598963,-0.00954119435045868
-0.00830485452897847,-0.00785299151670188,-0.00793864944949746,-0.00481297039892525,0.00747771159280092
0.00837026152294129,-0.00699982947204262,0.00905571655370295,-0.000880794692784547,-0.00822848137002438
-0.00928486669901758,0.00125043988693506,0.00867260044440627,-0.00971394251100719,0.00393191620241851
-0.00436182399746031,0.00798398774582893,-0.00592221806757152,-0.00548827243968844,0.00585377652198076
0.0062183881085366,-0.00401832406409085,0.00985640462487936,-0.00945888655725867,-0.000293813250027596
0.00397767187096179,0.00230105644557625,-0.00028266729786992,-0.00634199697058648,-0.00592009187210351
-0.00134526898153126,-0.00140383796300739,0.00393124269321561,-0.00967194036580622,0.00587121996562928
-0.00269499877933413,0.000343436021357774,0.00993548249825835,-0.00239570327103138,0.00971360616851598
0.0076724393805489,-0.00147182064130902,0.00649901956319809,0.000891184560023248,0.000322545738890767
0.00546700838953257,0.00969482814893126,0.000754823689348996,0.00385441601742059,0.00498946349602193
0.00861065922770649,0.00863934401422739,0.00616023518610746,-0.00860110213980079,0.00211315307300538
-0.00770998797379434,0.00794053332880139,0.00677372889593244,0.00891436562873423,0.00560146164149046
0.00876604452729225,0.00136551820673048,-0.00119234009180218,-0.00324060188606381,0.00725551492068917
0.00142080410849303,-0.00202482603956014,-0.00109868539497256,-0.00838612641207874,0.00715431630145758
-0.00746234940830618,-0.0053839650657028,0.00299856212921441,0.00426088754553348,0.000742309661582112
0.00462195069063455,-0.0023930339096114,0.00148129342123866,0.00857615052256733,0.00989431136287749
0.00388968440238386,0.00218468724284321,0.000320322471670806,0.0087650479702279,-0.00688762333709747
-0.00015391749329865,-0.000974511788226664,0.00159864986781031,-0.00918834108393639,0.00939333687070757
-0.00363927597180009,0.00807859892956912,0.00236965576186776,0.00316729458980262,-0.00852934090420604
-0.00280701198149472,-0.0082848236663267,-0.0058358752541244,-0.00335782994516194,0.00298508266918361
-0.00868064795620739,-0.00849417055025697,0.00149093451909721,0.00866843433585018,0.00238592301961035
-0.00814895983785391,0.00332263555843383,0.00232746167574078,0.00754624650347978,0.00453935144003481
-0.0010092588653788,0.00321861735545099,0.00210338078439236,-0.0065390314720571,0.00320431223604828
0.00413779338821769,-0.00892402369063348,-0.00339088524226099,0.00021236305590719,-0.00392693430650979
0.00453451086301357,-0.00982616243418306,-0.00757165199611336,-0.00759509857278317,-0.00553988784085959
-0.00484300100710243,-0.00933201357722283,-0.000266894144006073,0.00461474577896297,-0.00860938120633364
0.000876252218149602,-0.00906605783849955,0.000914031928405166,-5.84138603880995e-05,-0.00138797778636217
0.00688220477662981,0.000242554652504622,0.00832304827868939,0.00659980963915586,-0.00557379445526749
0.00663957927841693,-0.00586408155504614,-0.000652106082998215,0.0013583210716024,-0.00443370590452105
-0.00358793519902974,0.00656117223203182,-0.00707630514167249,-0.00889919471926987,0.00400498364120722
0.00609988430980593,0.000622582519426942,-0.00301720767747611,0.00339675753843039,0.00681032755412161
0.00479099523741752,0.00627605118788779,0.00692888025660068,-0.0073132541636005,0.00137880628928542
-0.00999159002676606,0.00253106323070824,-0.000538433659821749,0.00186491414438933,2.66724219545721e-05
-0.00331923583522439,0.0026339392317459,-0.00342222312930971,0.00384539938066155,-0.00192139867693186
0.00733980923891068,-0.00558674478903413,0.00432220303453505,0.00412188487593085,-0.0015864521311596
-0.00189823176246137,0.00726539718452841,0.00856338787358254,-0.00610045664943755,0.0073211099812761
-0.00468619028571993,-0.00989144758787006,0.00877742593176663,-0.00839529705233872,0.00171385882887989
0.0035289424052462,-0.00191103380173445,0.00300282102543861,-0.000292924996465445,0.0090295384125784
-0.00823549191467464,0.000311229294165969,0.00233093314338475,0.00194938930217177,-0.00490890704561025
0.00264590754639357,-0.00264078341890127,-0.0018808309128508,0.00991924396250397,-0.0039781514601782
-0.00966740190517157,0.0043813522066921,-0.00650965151377022,-0.00290025744121522,0.00354044270701706
-6.46856380626566e-05,0.00827335595618933,-0.000104340743273496,0.00579192766919732,0.00410959907341748
0.000651521962136031,-0.00320077456533909,0.00940169218927622,-0.00663118388969451,0.00841201487462967
0.00249328289180994,-0.00965189097914845,0.00239564535208046,0.00672455469146371,0.00349125090055168
-0.00464797496795654,0.00270141891669482,0.00999669894576073,-0.00363480391446501,-0.00901243729051203
0.00477664180099964,0.00287488949019462,0.00846480861771852,-0.00116201146971434,-0.00214618933387101
-0.00149801536928862,0.00408638445660472,-0.00366883562877774,0.00164672814775258,-0.00243761576712132
-0.00614392134360969,0.0080749521125108,-0.00794087490066886,0.00628854402340948,-0.00439768134616315
-0.00880686962511391,8.68124561384312e-05,0.00795236459933221,-0.00512245263904333,-0.000996858319267631
0.00041207393631339,-0.00752330368384719,0.000420208675786854,-0.00307643079664558,0.00111131573095918
0.00309120424557477,0.00399526117835194,-0.00937302331905812,-0.00641058789566159,0.00640308103524148
-0.00197030251380056,-0.00820199978072196,0.00681362918112427,-0.00180019393563271,-0.00427851123735309
0.00380324026569724,0.00105728931259364,0.00144757586531341,-0.00616607477888465,-0.00356005778070539
-0.00774241388309747,-0.00235725018195808,0.00497380958870053,0.00291230376809835,0.0011656808340922
0.00256472746375948,-0.00864563518203795,0.00773455558810383,-0.00197928288951516,-0.005190294762142
-0.00723530774470419,-0.00650692200288177,0.00847250146791339,-0.00741785656195134,-0.00272392995655537
0.00825530151370913,0.00801597265526652,0.00144327756483108,0.00853120821062475,-0.00986389318946749
-0.00953192306216806,-0.00378911247476935,-0.00255679687019438,0.000438838806003332,-0.00657147269230336
-0.00892595747020096,0.00826175934169441,-0.00492492791265249,-0.0096311493916437,-0.00503414900973439
-0.00392748259473592,0.00156794259790331,0.00303308712784201,0.00840785793028772,0.00614188014529646
0.00182929683011025,0.00188639998435974,-0.00832913530990481,0.00835968813393265,-0.00979409287218004
-0.00409828738309443,-0.00630934312008321,-0.00589304301887751,-0.00810401049908251,1.83164235204453e-05
0.00034529471769929,-0.00803404959384352,-0.00401011960580945,0.00972255662083626,0.00212721548508853
0.00503558483440429,-0.00379571217577904,-0.0057238630251959,-0.00544907946139574,0.0013201790349558
-0.00983322971500456,-0.00171639956533909,0.00772076453082264,-0.00997288585174829,0.00931849085260183
0.00214340935926884,0.00331339585129172,0.00429618471302092,0.00452919376082718,0.00375281921122223
0.00275446808896959,-0.000644133677706122,0.00699443841353059,-0.00879851812496781,0.00316519939340651
0.00458104039076716,-0.00665909174829721,0.00216676532290876,-0.00155017221812159,0.000286782379262149
-0.00262888591736555,-0.00084342853166163,0.000533130806870759,0.0076185573078692,-0.000810713190585375
-0.00699422128498554,0.000402466715313495,-0.00791205752175301,0.00182236264459789,-0.00560692001134157
-0.00987812164239585,0.00619457823690027,-0.00787142992950976,0.00611009166110307,1.63405016064648e-05
-0.00867598378565163,0.00264141170307994,-0.000443502226844431,0.00779852668289095,0.00470130337867886
-0.00529230003710836,-0.0015394394332543,0.00766971030272543,0.00522486176341772,0.000938798636198043
0.002959617478773,0.00198766437359154,0.00814307430293411,0.00565483662299812,-0.000521575058810413
-0.00134570732712746,-0.0095842760335654,-0.00607364747207612,0.00946121273096651,0.0099434366915375
-0.000844791559502482,0.00370571141596884,0.00730677392333746,-0.00431733035482466,-0.00651604407466948
-0.00964299144688994,-0.00671128761023283,-0.00159968533553183,0.00470414935611188,0.00136540974490345
0.0039904131507501,-0.00385487566702068,-0.00814610545989126,0.000343315489590167,0.0063131181942299
-0.00206030603032559,0.00652401636354625,0.00424332501366735,0.00440773569513112,-0.0058375664614141
-0.00828172386158258,0.00587815999053419,-0.00895049422979355,-0.00865976199507713,-0.0098106937110424
0.00647955512162298,0.00658970731776208,-0.00255676024127752,-0.00203034409321845,-0.00342296089045703
-0.00808168154675513,0.00709964134264737,0.00404463997110724,-0.0082590396143496,0.00675229200161994
-0.00882345558609813,0.00677543974947185,0.00294974763412028,-0.00505632764659822,-0.00172454340849072
-0.0071699651889503,-0.00200462693348527,0.00139191411435604,0.00664448473602533,-0.00517340494785458
-0.00355271045584232,0.00475517835933715,-0.00887917359825224,-0.00705613083206117,-0.00337021118495613
-0.0062429483840242,0.00481137450318784,-0.00735459329560399,-0.00694866435602307,0.00905038687866181
0.00624236228410155,0.000704454770311714,-0.00501685289200395,-0.00565729906316847,-0.00538489561527967
0.00452822623774409,-0.00806742317508906,0.00450163776054978,0.00644109660293907,0.00697879578918219
0.0040664834715426,-0.00364275223575532,-0.00132584126200527,-0.00370706812944263,0.00909296169877052
-0.00208010426722467,-0.00842616462614387,0.00123054257594049,-0.000738323358818889,0.00449833519756794
-0.00892616547644138,0.00301319520454854,-0.00353185278829187,0.00819171281065792,0.00768590234685689
-0.00491481374017894,0.00115702051669359,-0.0095900426292792,0.00770439763553441,0.00091665546875447
0.00948064750991762,-0.00762165132910013,0.00780971919186413,-0.00719414749182761,0.00315614972263575
-0.00144504376221448,0.000238928683102132,0.00662818450015038,0.00548917683772743,-0.0045307351462543
0.00486898994538933,-0.00955949374474585,0.00774986508768052,-0.000154585703276098,0.00435694115702063
-0.00863720060326159,-0.00613012038636953,0.00030362443998456,-0.00269549715332687,0.00798852609470487
-0.00678207485936582,-0.00266980266664177,0.00970604633446783,0.00303379432298243,-0.00764679315499961
0.00703764465637505,0.00446604433935136,0.000523775103501975,-0.00875063850078732,-3.2065096311271e-05
-0.00482097289524972,-0.0064214736642316,-0.00390299732796848,-0.00219877123367041,-0.00623514718841761
-0.00428160175681114,-0.00971855937503278,-0.00528407052624971,0.00937072447966784,-0.00839955547358841
0.00943447425495833,0.000435876338742673,0.00596558216959238,-0.00483316540252417,0.00426644818391651
0.00467192285228521,0.00638337484095246,0.0080609186924994,-0.00848203063942492,0.000771110174246132
-0.000794722530990839,-0.00138674079906195,-0.00733673904556781,4.33432869612754e-07,-0.00011916299816221
-0.00344853414222598,-0.00704756044782698,0.0092188221309334,-0.00452979444060475,-0.00793323065154255
0.0040404267096892,0.00241077471524477,0.00372416194528341,-0.00851503305602819,0.00124122359324247
0.000752883646637201,0.00152932927478105,-0.00741292101331055,0.00692655390594155,-0.00681828216183931
-0.00624220684636384,0.00185650431551039,-0.00460530106443912,0.00542010253760964,-0.000551256351172924
0.00406856273300946,-0.00492220006883144,0.00542777163907886,0.00772275812458247,0.00103260434698313
0.00399781265296042,0.00136500829830766,-0.00883248457219452,-0.00718492393381894,-0.000974273243919015
0.00531168311834335,-0.0036856044549495,-0.00581860860809684,-0.00277960074599832,-0.00463462593499571
0.00454367090482265,0.00190365795511752,0.00783642570488155,-0.00836926314048469,-0.0057633898826316
-0.00367109678220004,0.00739372487179935,-0.00244900955352932,-5.47347776591774e-05,-0.00750726962462068
-0.000757060982286929,0.00452923752833158,-0.00466124080121517,0.008490513949655,-0.00590720688458532
-0.00691556107252836,-0.00603401188738644,0.00568990343250334,-0.00648243125528097,0.00280539287254214
0.00478834638837725,0.0025562689313665,-0.00616250741761178,-0.00171525280922651,-0.00464625850319862
0.00892934332136065,-0.00520739233586937,0.00704229054972529,-0.002514644023031,0.00291039304342121
0.00300623311195523,0.00595166244078428,-0.00620387550443411,-0.00116723941173404,-0.00917542063165456
0.00882524024695158,-0.00563151393085718,-0.00918663040734828,-0.00435850178357214,0.00803156774491072
-0.00836748064029962,-0.00803550241049379,-0.00698614426888525,-0.00292013449128717,0.00378046603873372
-0.0097943563433364,0.000850748717784882,0.00675758567638695,0.00357476390898228,0.00388551202137023
0.00675868845079094,0.00205539335031062,0.00720085068140179,0.00522726403549314,-0.00759827906731516
0.00763694203924388,0.00938509428407997,0.00982375486753881,0.00554893252905458,-0.00959905742667615
0.00563344670925289,0.00544398962985724,0.00829433308448642,-0.00959151422139257,-0.00285642352420837
0.00953320648055524,0.00866016836371273,0.00736660066060722,0.000288134859874844,-0.00714584000408649
0.00735387124121189,0.00251239079516381,0.00654745351988822,-0.00797483413945884,0.00462751032784581
-0.00690348146017641,-0.000146478903479874,-0.00293183337431401,0.00721931615378708,0.000736253317445517
-0.00374467401765287,-0.0071050822082907,-0.00909880919847637,0.00616167561151087,-0.00764729109592736
-0.00830212573520839,0.00202750589698553,-0.00668864109553397,-0.00593321961350739,-5.97087480127805e-05
-0.00384193912148476,-0.00889985437504947,0.00429147791583091,0.00461616357788444,-0.00466046184767038
-0.00916712001897395,0.00798826012294739,-0.00493882858660072,-0.00341546094045043,0.00827905832324177
0.00154909473378211,-0.00282716438639909,-0.00803855685517192,-0.000905596460215747,0.00939407887868583
0.00941985966172069,-0.00888633214402944,0.00954569194931537,-0.00982645894866437,-0.00348027855623514
-0.00249925825744867,0.00640737149864435,-0.00833905680570751,0.00527587843127549,-0.00613388600759208
0.00812164901290089,-0.00140828363597393,-0.00822963916696608,-0.00741654447745532,-0.00406915467232466
0.005712143429555,0.00182305665221065,0.0087317574955523,-0.00618833620566875,-0.00920968693681061
-0.00613972140476108,-0.00432396100368351,-0.0087345716310665,0.000740421721711754,-0.00771502936258912
-0.00814532291609794,-0.00625789571087807,-0.00811833429150283,-0.00768906185403466,0.000459584044292569
-0.00178860293701291,0.00512291822116822,0.00836818493902683,-0.00643911397084594,-0.00831213191151619
0.0052065756265074,-0.00592553943861276,-0.00553353981114924,0.00344142659567296,-0.0006848629610613
-0.00995540039613843,0.00784256741870195,-0.00574525675270706,-0.00113235530909151,0.00634463553316891
-0.00203639730345458,0.00346885456237942,0.00663331736344844,0.00800597588997334,-0.00136579642537981
-0.00499704688321799,0.00387451800983399,-0.00836194885428995,-0.00316832594573498,0.00177017979789525
0.00700911967083812,0.00567228790838271,-0.00234237131197006,0.000527771078050137,-0.00911211322527379
0.00069139029365033,0.00133078676648438,0.00355496674776077,0.00897727555595338,-0.00139549740590155
-0.0029336249222979,0.00856089191976935,-0.00256906268186867,0.00956404761876911,-0.00947176921647042
-0.000478472523391248,0.00505759153515101,-0.00805199001450092,0.00747794843744486,-0.00410378870554268
-0.00105269307736307,0.00599381571635604,-0.0080368193378672,0.00156299307011068,0.00443052899092436
-0.00395372273400426,0.00620695836376399,0.00845271946396679,-0.00937689401675016,-0.00450236631091684
0.00861877122893929,-0.00418989066500217,0.00611525645945221,0.00847164093051106,-0.0086502605676651
0.00900239791721106,0.0048548137769103,-0.00332710751798004,-0.00168666359968483,0.00681125489529222
0.00661510840989649,0.00836456054821611,0.00999505864921957,-0.00507492656353861,0.00946027702186257
0.00187461276073009,-0.00238089276012033,-0.00832455900497735,0.00785350334364921,0.00416358395945281
-0.00645701387431473,-0.00135623845737427,-0.00411310251802206,-0.00168019726872444,-0.00372908192686737
-0.000333686815574765,-0.00739803393837065,0.00633157974109053,-0.00758171888999641,0.00246157024055719
-0.00993812117259949,-0.00368471609428525,0.00803303606808185,0.00398301569744945,0.00213251228444278
-0.00107661794405431,-0.00636041394434869,0.00374642680864781,-0.00627012443263084,-0.00121156461536884
0.00209151036571711,0.000675778957083822,-0.000848926608450712,0.00524820456281304,-0.000357576878741384
-0.00436355078127235,0.00953435800503939,-0.00340764542110264,0.00415806098841131,0.00426302770152688
0.00832795230206102,0.00401289353147149,-0.00398807161487639,0.00825281647499651,-0.00804016532376409
-0.00291220330633223,0.00238323957193643,-0.000449551516212524,-0.00773669055197388,-0.00729310870170593
0.00678598333150148,0.00700466682203114,-0.00594187099486589,0.000558405891060829,-0.00282990681473166
-0.00392660713754594,-0.00885556197725236,-0.00878543848637492,-0.00646969616878778,-0.00826841423753649
-0.00354149039834738,0.00785987517330796,-0.00931925700977445,0.000953623238019645,0.00069344624876976
-0.0078563376609236,0.00558046849444509,-0.00881902585737407,-0.00363482668995857,-0.00310961724258959
0.00633557867258787,0.00697855937760323,0.00779911806806922,-0.00873034261167049,0.00335403657052666
0.00587710041087121,0.00220152063760906,0.000332371275871992,0.00894849721342325,-0.00593024189118296
-0.00641105845104903,-0.00775668007321656,0.00114296965766698,0.00539858050644398,0.00517220290377736
0.00101649019401521,-0.00645001227967441,-0.000202472414821386,-0.00940505873411894,-0.00872597498353571
-0.00125614545773715,0.00800277709029615,0.00552906210999936,0.00905769853852689,0.0036581310024485
0.0092818092694506,0.00723313553258777,0.00939335334580392,0.009516447680071,-0.00243836236651987
-0.00573967565316707,0.00715070525184274,0.00407475802116096,-0.00199007052928209,0.00728061381261796
0.00518766667228192,-0.0062189266551286,-0.00124425824265927,-0.00796257384587079,0.00154018905945122
4.95581422001127e-05,-0.00843068015761674,-0.00885125316213816,0.00212738052476198,0.00224859033711255
0.00264466285239905,-0.00789626797195524,0.00636286669876427,0.00505176575854421,0.00610323244240135
-0.00590194670017809,-0.00486406516283751,-0.00610230923630297,0.00193267262075096,-0.0081545990286395
-0.00263111361302435,-0.00551438469905406,0.00399966884870082,0.00800191174726933,-0.000338305053301156
-0.00498788885306567,-0.00163720643613488,0.00931126755662263,-0.00636145146097988,0.00496659326832742
0.00214716842398048,0.00267819978762418,0.00387379380408675,0.00915349077899009,-0.00724625832401216
0.00760873003862798,-0.00808177402708679,-0.00641882436349988,-0.00348843039944768,-0.00951306886505336
0.00467755760066211,0.00815191676374525,-0.00641877328511328,-0.00986065654084086,0.00211960420943797
-0.00294322925619781,-0.0099890408385545,-0.00816674316767603,0.00362491926643998,-0.00487674274481833
-0.00121994936373085,0.00228757666889578,-0.00400053256191313,0.00109987664967775,0.00613835316151381
0.00896046207286417,0.00859777214936912,-0.00364224321208894,-0.00944077252876013,0.00214546364266425
0.00992850492242724,-0.00745307170320302,0.00846796911209822,0.00102632604539394,-0.00971965672913939
-0.00173712147399783,0.000321722319349647,0.00151001720223576,-0.00452154263854027,-0.00195194240659475
-0.00385335775092244,0.00167976793367416,-0.00826108072884381,0.00910161689855158,0.00924868408590555
-0.0084857547422871,-0.0022271733591333,0.0084614936215803,0.00843339562416077,0.00588327292818576
0.000660796226002276,-0.00585901100188494,-0.00204451478552073,0.00064668950624764,-0.00449398139026016
0.00121261380147189,0.00750349003821611,-0.00375650389585644,-0.00758938121143729,-0.00908276938367635
0.000428526503965259,-0.0091417135624215,0.00412038588430732,0.00261608574539423,0.00109787895344198
-0.00616338162682951,0.0064446345763281,0.00923982820473611,8.10062140226362e-05,0.00540486266370863
0.00345632054843008,-0.0021527560474351,-0.00959534757770598,-0.00561173629015684,0.00513117507100105
-0.00727191173005849,0.00242593599483371,0.00563765831757337,-0.00189946560654789,-0.000212615113705397
0.00966827357653528,0.00526421128306538,7.35530536621811e-05,-0.00521024711895734,0.00342837782111019
-0.00923737930133939,-0.00588961004279554,-0.00571815237868577,0.00432077833451331,-0.00540198312606662
0.00562319133896381,0.00749281656462699,0.00276053837966174,0.00199819749686867,-0.00734901192598045
-0.00350964196491987,-0.000419155918061733,-0.0081694890325889,-0.00416401201393455,-0.00349372596479952
-0.00769982534926385,0.00806224412284791,-0.00565044397953898,-0.00961958105210215,0.00322477377951145
-0.00493194236885756,-0.00423176778014749,-0.00146438032388687,0.00404965395573527,0.0029340633796528
0.000317614562809466,0.00992408644407988,0.00161147571634501,1.7058164812624e-05,-0.000930600059218705
0.00650736878626049,-0.00587515740189701,0.00395238049793988,0.00276970498263836,0.00996102171950042
1.93050829693682e-05,-0.00707432037685066,-0.00728107134345919,-0.00377458754461259,0.00511348837986588
0.00722004595212638,-0.00259621005039662,0.00335797632113099,-0.00426020220853388,0.00473969526588917
0.00223606721032411,-0.00498924045823514,0.00735024156514555,0.00734922767151147,0.00770889813546091
0.000755909909494222,-0.00974012505728751,-0.00786866041366011,-0.00897911669220775,-0.000528245894238354
-0.000628991299308837,0.00410181832499802,0.00607665665913373,-0.00376424267422408,-0.00281725928653032
0.00184721382334828,0.0035671179369092,-0.00739340160507709,0.00488895995542407,-0.00010293077211827
0.00973621374927461,0.00400416313204914,0.00768461019732058,-0.00301524038426578,0.00287002789787948
-0.00969789102207869,0.00615864829625934,0.00454638483002782,0.00643707102630287,0.00855689626652747
-0.00467624480836093,0.00780232710763812,0.00864524293225259,-0.00732086281757802,0.00621898882556707
0.00806652976199985,-0.00268314973451197,-0.00339794787112623,-0.00286164888180792,0.00144712334964424
-0.00363870592787862,-0.00570935802534223,0.00574733324348927,0.00705962081905454,0.00695668612141162
0.00659646916668862,0.00920470167417079,0.00970533447805792,0.000331332492642104,-0.00186555762775242
0.000761149609461427,-0.00648998967371881,0.00147515206597745,0.00997061307542026,-0.00364800214767456
-0.00552019958849996,0.00311787977814674,-0.00452052131760865,-0.00664031819440424,-0.00390461505856365
-0.00596604554913938,0.00434529176913202,0.00995741325430572,0.000334399025887252,-0.00123947977554053
0.00312689200975001,0.00802709127776325,-0.00726975318510085,-0.0039264071919024,-0.00305760654620826
0.00151365743950009,-0.007850900455378,-0.0079024722520262,-0.00684969062451273,-0.00681093994062394
-0.00219796641729772,0.00587351113092154,-0.0033185959327966,0.00201913867145777,0.00227058807387948
0.00850978381931782,0.00308387218508869,0.00855766179040074,0.00903274248354137,0.00887464542873204
0.00434659427031875,0.00932984434533864,-0.00316869302652776,0.00730867459438741,-0.00918698995374143
0.00233240171801299,0.000213355426676571,-0.00037902342621237,0.00760573305655271,0.0050698176631704
-0.00561257315799594,-0.00646357677876949,-0.00961388882715255,0.00570165614131838,0.00116308805532753
-0.00140504528302699,0.00773343599867076,-0.00454361705575138,-0.00972885818686336,-0.00165292841847986
-0.00295343731530011,0.00918531048577279,0.00983122225385159,-0.00691522106528282,-0.00576533582061529
-0.00551377082709223,-0.00371906536165625,-0.00262635712977499,-0.00877858327236027,0.00885845256969333
-0.00219090541824698,-0.00225197946187109,-0.00835316888056696,-0.000856706085614859,0.00906115097459406
-0.00264117681887001,-0.00302991162519902,0.00901727611199022,0.00695394800510257,0.00710716361645609
-0.00202213171869516,-0.00174012908246368,0.00359333862084895,0.00618181079626083,-0.00295110702048987
0.000894567961804569,0.00810623857192695,-0.0035732672130689,0.00281194032169878,-0.00206427660770714
-0.00987911384087056,0.00866708633955568,0.000288115227594971,-0.00682259646244347,0.0046476430632174
0.00460466922260821,0.00983108988497406,0.00881175404414535,-0.00466000554617494,-0.00239721152931452
-0.0022760491585359,0.0077593541983515,0.00840066906064749,0.00168791283853352,0.00518742591608316
0.008406943064183,0.00282587850000709,-0.00485812148079276,-0.00535169921815395,0.00828155129216611
-0.00742404489312321,0.00923867596313357,-0.00956861013546586,0.0013768862048164,0.00342181459534913
-0.00926961313001812,-0.00565232511609793,0.00839518853463232,-0.00314904022961855,-0.00498255623038858
-0.00188170610927045,0.000958472238853574,0.00468632362317294,-0.00593678097240627,-0.000751249170862138
0.000780771146528423,-0.00956071582622826,0.0066847754875198,-0.00557810810394585,-0.00315228552091867
0.00426917266566306,-0.0099159566545859,0.00958852063864469,0.00636500074062497,-0.000543146105483174
0.000449687456712127,0.000937024503946305,-0.00332078805193305,0.00225483314134181,0.00798849735874683
0.00472922850400209,0.00471737277694046,0.00760679841507226,-0.00505191595293582,-0.00499305763747543
0.00492383576463908,-0.0013703085668385,0.00490546811372042,0.00666327849030495,-0.00823193987365812
-0.00697959733195603,-0.00754180389922112,-0.00830830075312406,0.00826464909128845,0.00302677392959595
0.00605663632974029,-0.00949893973302096,-0.00679392254445702,0.00375496789813042,-0.0073616329440847
-0.00104159879032522,-0.000291243414394557,-0.00935533137526363,0.00830808285158128,0.000473661203868688
-0.00561792954336852,-0.00197937138844281,-0.00088709635194391,0.00680128598585725,-0.00452073164749891
-0.00326548416167498,-0.00633359835017473,-0.00993659805506468,0.00215429427102208,0.00452709651552141
0.00281003120820969,0.00175990459974855,-0.00957655120175332,0.00526075027417392,0.00532837810460478
-0.00141904225107282,0.00184531171340495,-0.00846860487945378,-0.00325873769819736,0.00241155900526792
0.00626852016430348,-0.00428761831484735,0.00291296155657619,-0.00304691109806299,0.00728593395091593
0.00043911015149206,0.00158287566620856,0.00521146113052964,-0.00556333371438086,0.00177575383335352
0.00549450031481683,-0.00768048755358905,0.00948520221747458,0.00311885721981525,0.00797143768984824
0.00290053044911474,0.00451939547900111,0.00141558488365263,0.000688044005073607,-0.00875542426016182
0.00274061928968877,-0.00460978800430894,-0.00208590771071613,-0.00266855841502547,-0.0025028558075428
0.00940280351322144,-0.00435399404726922,-0.00163475330453366,-0.00772340220399201,0.00265411355067044
-0.00781996896490455,0.00254639239516109,-0.00582310904748738,-0.00181260169483721,-0.000470865350216627
0.00378580319695175,-0.0016582066193223,-0.0001592669589445,-0.00461030929815024,0.000821579629555345
0.00962824527174234,0.00152343731373548,-0.00716022192966193,-0.00729646359104663,0.00668583794031292
-0.0097655359050259,0.00774322096724063,-0.00199823779985309,0.001917758975178,-0.00560021018143743
0.00945947980973869,-0.00233136331662536,0.00349506576545537,0.00313056135550141,0.000583191788755356
-0.00600847525056452,0.00686550049576908,-0.00459426177665591,0.00869660220108926,0.00151576226577163
0.00563127561006695,0.000509530017152428,-0.00812153520528227,-0.00705626946408302,0.00448609639424831
0.00294830839149654,0.00663725428283215,0.00673410575836897,-0.00055535405408591,-0.00979229462333024
-0.00919097315054387,0.0066792906774208,0.00999428587965667,0.00165285060182214,-0.0041427145479247
0.00144840120803565,0.00329737657681108,-0.00959746507927775,-0.00897067008074373,0.000448183002881707
-0.00245878946967423,0.00520135223399848,0.00593367801979184,-0.00787941177841276,-0.00117336827795953
0.00496370282955468,0.00181029501836747,0.000345892524346709,0.00875849231146276,-0.00928185344673693
0.00523683113977313,-0.00208451585378498,0.000180590734817087,0.000264819972217082,-0.00838509892579168
-0.00784930446185172,-0.00292995433788747,0.0057758804038167,0.00500311639625579,-0.0031720007956028
-0.00589984243735671,0.00176990787964314,0.00442762205842882,0.00386312109883875,-1.61773804575206e-05
-0.00803236559964716,0.00549759377725422,0.0065503160469234,-0.00238505139946938,0.00611705219838768
0.00891269647050649,0.000779084442183376,0.000717663853429258,-0.00369852009695023,-0.0052302761329338
-0.00354124668054283,-0.00994657569099218,0.00357688084710389,-0.00395242169033736,0.00341965512838215
0.00972280344925821,0.00865938772447407,-0.00417170857079327,-0.00293029137887061,-0.00957770992536098
0.00799203851260245,0.00329924878198653,0.00275283002760261,-3.62603180110461e-05,-0.00824628129601479
-0.00153747519478202,-0.00413381866645068,-0.00143395661376417,0.00601912116166204,0.00700639750808477
-0.00068254308309406,0.00809572681318968,0.0012577335909009,-0.00159322063438594,0.00518438816536218
-0.00862664039712399,0.00762048616539687,-0.00302708077244461,0.00849471447989345,-0.00180139084812254
-0.00429826345760375,0.00155906452797353,-0.00456071624532342,0.00389742676634341,-0.00293827661778778
0.00455096367746592,-0.00920260141603649,0.00266749797388911,-0.00645513989031315,-0.000598443620838225
-0.00292561815585941,-0.00479889490641654,-0.0078379367152229,0.00473113406449556,0.00440723252482712
0.00455993683077395,-0.00320893144700676,-0.00845169073436409,0.00746758675202727,0.00125719465315342
0.0063090014597401,-0.0036256667226553,-0.00124026122502983,0.000446231071837246,0.00902196557726711
0.00106561872642487,-0.00525341609492898,0.00654618752188981,-0.00189434878062457,0.00757138719782233
-0.00377213696017861,0.00648072816897184,0.00352949989028275,-0.00475769100245088,-0.00307611327152699
-0.0012170533509925,-0.00473841601517051,0.00149419274646789,0.00182559098117054,0.00424821087624878
-0.000380529570393265,0.00326010371092707,0.00264955963939428,-0.00891015749890357,-0.00143191676121205
-0.00749380046967417,0.00590325271245092,0.00904834778048098,0.00780609716661274,0.00521764261182398
0.00131426333449781,0.00018916828557849,-0.00702319659292698,-0.00633138073142618,-0.00781334751751274
-0.00730162892956287,0.00415493774693459,0.00303318254649639,0.00542698640841991,0.00506735608913004
-0.00912606958765537,-0.00845972262322903,0.00212336803320795,0.00199478859547526,0.00882914086803794
-0.00762285174336284,-0.00685375430621207,0.00315366629976779,0.00223681964911521,0.00344420186243951
-0.00727265825029463,-0.0014216126082465,0.00245572205632925,-0.00167239826638252,0.00104034526739269
-0.0072395284473896,0.00587799054104835,0.00460307878442109,-0.00576203051023185,-0.00316056898795068
0.00727272052783519,-0.0056581634702161,0.000764246149919927,0.00358403753954917,0.0062444280879572
0.00531703154556453,-0.00181643371470273,-0.00591062408406287,0.00463708910159767,-0.00566061415243894
0.00848649265244603,-0.00613336571957916,-0.000391694265417755,-0.00728298989124596,-0.00372924379538745
-0.00859797731041908,-0.00675796768628061,0.00574571185279638,-0.00422851749695837,0.00133492157794535
-0.00433414333034307,-0.00509963628370315,0.00471423735376447,-0.00991400296334177,0.00532655746676028
-0.00382676769513637,-0.00887271793559194,0.00785143824294209,-0.00453624838963151,-0.000718546216376126
0.00687151851132512,-0.00486452122218907,-0.00533942889422178,-0.00173994017299265,0.00480595477391034
0.00762214730493724,-0.00757638009265065,-0.000981945609673858,-0.00770532191731036,0.00943421405274421
-0.000773631278425455,-0.00571747044567019,0.00477033882401884,-0.00491650824435055,-0.00906068379059434
-0.00749929547775537,0.00402868745382875,0.00965820299927145,0.00247818232048303,0.00260289607569575
-0.000377523503266275,0.000343151213601232,-0.00125462343450636,0.000574339372105897,-0.00721471671480685
0.00839133034925908,-0.000639627585187555,-0.00323888100218028,-0.00258524063508958,-0.00805297047831118
0.00610885573085398,0.00119210468139499,-0.00350849642883986,0.00939162582624703,0.00750952098984271
0.000604812977835536,0.00476790833752602,0.00522962574847043,0.0070154827227816,-0.000239770379848778
0.00833413069136441,-0.00129130702931434,0.00995714737102389,-0.000876226406544446,-0.00457795363850892
-0.00640847439877689,0.00734131392091513,-0.00323761782608926,0.00557740102522075,-0.00119568726047873
0.00355596081819385,0.00979292089585215,-0.00302366196643561,0.00515971248503774,-0.000146465254947542
0.00104194564279169,-0.00732896593865007,-0.00159654738381505,0.00727849455550313,-0.00999214280862361
-0.0025433151004836,-0.00776726552285254,0.00216597142163664,0.00399031160864979,0.00703112588264048
0.00933402549475431,0.00811366848181933,0.00565897833090276,-0.0097447377583012,-0.00024412025231868
-0.00877022329252213,-0.00409841262735426,-0.00853014168795198,0.00596114597748965,0.00451690373942256
-0.00145069616381079,-0.00618267403915525,-0.00899309738073498,-0.00224005133379251,0.00322605719324201
0.00835697792936116,0.00369019866921008,0.000246602683328092,0.0069382661068812,0.00832871584221721
-0.00845899709966034,-0.00724726533982903,-0.00728270693682134,-0.00361569772008806,-0.00385150256101042
0.00286270381882787,-0.00962226934731007,-0.00657613558229059,0.00415419970173389,0.00543434505816549
-0.00482526121195406,0.00997317209839821,-0.00169621576555073,-0.00709368149749935,0.00674904318992048
-0.00261286148801446,-0.00927904126234353,0.00226003003772348,0.00604601833503693,-0.00127978336066008
0.00706034723203629,-0.00517357485368848,-0.000737681076861918,0.0014316663891077,0.00578663499094546
0.00174301082268357,-0.000192504017613828,-0.00716717797331512,0.00544006203766912,0.00133836533874273
0.00825583647936583,-0.00219441557303071,0.00785562023054808,-0.00261657281778753,0.000659760828129947
-0.00757447738200426,-0.00210689910221845,-0.00592742417007685,0.00326817622408271,-0.00555133409798145
-0.00292435642331839,-0.00975913918577135,0.00338344846852124,-0.00676090787630528,0.00230369517579675
0.00250745888799429,-0.00813537373673171,0.00567722616251558,-0.00916122037451714,0.00722229238599539
0.00786722803022713,0.00466951378621161,0.00809753000736236,-0.00911004219204187,0.00599787820130587
-0.00963790925219655,0.00273118445649743,-0.00897323800250888,-0.00851081080269069,-0.000628563514910639
0.00108713917899877,0.00657458525151014,-0.00416181460022926,0.000314326421357692,-0.00568975950125605
0.00920336755923927,-0.00489525891374797,0.00957342188805342,-0.00887690809555352,-0.00721151307690889
0.00114211604464799,-0.00119429628830403,0.00122984629590064,0.00403305723331869,0.00504437791183591
0.00843351008370519,0.00477708102669567,-0.00233504975214601,0.00915070103015751,0.00841288150288164
0.00202957663219422,-0.000281720366328954,-0.00460395127534866,-0.000789726469665766,0.000351180154830218
0.009628871739842,-0.00473317102529109,0.00776494391728193,-0.00999887822661549,0.00363141765352339
-0.00991065156646073,-0.00102177265565842,0.00625937872566283,0.00443260580301285,0.00699041076935828
0.00274536505807191,0.00362579322885722,-0.00151394505985081,0.00297508258838207,0.00412784918677062
-0.00828436670824885,0.00130403671879321,-0.00825211400631815,0.00847616065293551,0.0029458955489099
0.000396647560410201,-0.00394053781405091,0.00986423606518656,0.00482481176499277,0.00146206027828157
0.00675469227135181,1.87654281035062e-05,-0.00641847367864102,-5.22625818848606e-05,-0.00258734904229641
-0.00824621081817895,-0.0068890101602301,0.0020445659244433,0.00300209775567055,0.00352942321449518
0.00824630273040384,-0.00507447434123605,-0.00979306644294411,-0.00676275859586895,-0.00115614367183298
0.000519294729456306,-0.000412654764950275,0.00478090940508991,-0.00869242441374809,0.00714399769436568
-0.00914449549280107,0.00323893223423511,0.00284997320733964,-0.00150716865900904,0.00997343002818525
0.00367541651241481,-0.00608554975129664,0.00209082949440926,-0.00942250867374241,-0.00808700484223664
0.00136379798408598,0.00157977022696286,0.00131669274531305,0.00479529827833176,-0.00212197829969227
-0.00730417397804558,-0.0080823624972254,0.00223128206096589,-0.00705795375164598,0.00389529425185174
0.0062668679933995,0.00868548333644867,0.00339082445483655,-0.00931424206122756,-0.00120087096933275
-0.00299512472003698,-0.00362048408482224,-0.00354173984378576,0.00108766021206975,0.00398296678438783
0.008628961564973,-0.0076125795673579,-0.00424609321169555,0.00489581839647144,-0.000972542082890868
0.00110445774625987,0.00072700610384345,0.00250505966134369,-0.00855167519766837,0.00252497221808881
0.00906023574061692,0.00483581269625574,0.00636821255553514,-0.00664993230253458,0.00102004310116172
-0.00241054834332317,-0.0084233590727672,-0.00893774450756609,0.00683269933331758,-0.0035510290088132
-0.0076122837793082,-0.00972126876935363,0.00867558061610907,-0.00210912073496729,0.0041384018631652
-0.00751924042124301,-0.00646483694203198,0.00618201187346131,0.00339700470212847,0.00261432001832873
0.00880612257868051,-0.00575874435715377,-0.00634605009108782,-0.0073055728757754,0.00735690655652434
-0.00792480445001274,0.00108260316774249,-0.00198316589929163,-0.00902479592245072,-0.00543514495715499
-0.00266919378656894,0.00712514414917678,-0.00840828814543784,0.00684339351952076,0.00524475908372551
-0.000894745565019547,0.00427086546085775,0.00608297497034073,-0.00941068353131413,0.000977158006280661
-0.00203335446305573,-0.00313791786786169,-0.00956362580414861,0.00125438149087131,-0.00784133474342525
-0.00763267347123474,-0.00621683143544942,0.00752126325853169,-0.00526853402145207,0.000716767259873449
-0.0046368684945628,0.00358065587934107,0.00115932147484273,-0.00179306387901306,0.00962597435340285
-0.00227466651238501,0.00845539597794413,0.0030960694886744,-0.00707089010160416,0.00160712946206331
0.00026493421755731,0.00954050336498767,-0.00605277683120221,-0.00278178199194372,-0.00504145196639001
0.00801193768624216,0.00583019529934972,-0.00145867551676929,0.00127624733373523,-0.00169631406664848
0.00775682486128062,0.00944264363031834,0.00774531545583159,-0.00953617187216878,0.00315486936364323
0.00172663572710007,-0.00471316550858319,0.00807533407118172,-0.00599253810942173,0.00523184031713754
0.00864478680770844,-0.00777266314253211,0.00028143503703177,-0.00842219497542828,-0.00560800032690167
0.00609224287327379,-0.0028366430522874,-0.00882397648878396,0.00854726034216583,-0.00246180592104793
0.0034328748844564,-0.00165386962238699,-0.00781048555392772,-0.00347386942710727,-0.00103484089951962
-0.00517183005809784,0.00841334818396717,-0.00297309266403317,-0.00438950436189771,0.00304649895988405
0.00844075309578329,-0.0081874079303816,0.0075532445916906,-0.00315980865154415,-0.00423067490570247
-0.00644366570748389,0.00473809630144388,-0.00987214870750904,-0.000907023260369897,0.00629827199038118
0.00697832270991057,0.00902671659830958,0.00791049989406019,0.00414627608377486,0.00432352405041456
0.00607451185584068,0.00209682271350175,0.00182570684701204,0.00066253068856895,0.00171461935620755
-0.00343566614668816,0.00933326028753072,-0.00788164971861988,-0.00140844584908336,0.00353492241352797
0.00311769380234182,0.00908228382002562,0.00522308500483632,-0.00592503552790731,-0.00802067009732127
0.00537797437980771,0.00185151410289109,-0.00879987152293324,0.00231742702424526,0.00576232314109802
0.00601826254744083,0.00258719420991838,-0.0043088255263865,-0.0024850451014936,0.00168809090740979
-0.000433973539620637,0.00424403251614422,0.00106388991698623,0.000932393800467253,0.00261056295130402
-0.00282212140969932,0.00933704306837171,-0.00699227822478861,-0.00758674098178744,0.00115072312764824
0.00873774058185518,-0.00628686829004437,0.00581218047067523,-0.00575379287358373,0.00807182293850929
-0.00578438558150083,0.00738002713304013,-0.00407740029040724,0.00951797865331173,0.00306621802505106
0.00274778422899544,0.00963347678538412,0.008594164038077,-0.00399214052595198,-0.00581806919537485
-0.00751202725339681,-0.00510493078269064,0.00640534774865955,-0.0058668800862506,-0.00202091658022255
-0.00268333578947932,-0.00796192131470889,-0.00776851178146899,-0.00341175158042461,0.00238678511232138
0.00394844267051667,-0.000693402015604078,0.00160962000489235,0.00576519498601556,-0.00458887344691902
-0.00317562913056463,-2.19109468162053e-06,-0.00767869885079563,-0.00431340612471104,0.00422589186578989
-0.00367095087654889,-0.00171610091347247,-0.000806556241586804,0.00433418669272214,0.0093142658425495
-0.00496861542575061,0.00835555338766426,-0.0053686009068042,-0.0055904938839376,-0.00106353238224983
-0.00912921470124274,-0.00236520566511899,0.00634368504397571,-0.00150783242192119,-0.00762168910820037
-0.00361762549262494,0.00540417370852083,0.00150645218789578,0.0093291782354936,-0.00851986002177
-0.00735164651181549,0.00632770973723382,-0.000542103988118469,-0.00296070519369096,-0.00683509862050414
-0.00961111187469214,0.00855681304354221,0.000987259708344936,0.00180868399329484,-0.00472130163572729
0.00941397997550666,-0.00837712644133717,0.00605059552472085,0.0028444874053821,0.00320354149676859
0.00597906530369073,-0.00488525147084147,-0.00321377026382834,-0.00439337544608861,0.00175375941209495
-0.00610444057732821,0.00974767651874572,0.00567927713040262,-0.00098388615064323,-0.00588815201073885
-0.00382990115322173,-0.00478399773593992,0.00963535097427666,0.00468795645982027,-0.00534388755448163
-0.00870248714461923,0.00361684887204319,-0.00527238886803389,-0.00546757859643549,-0.00603679303545505
-0.00367443921975791,-0.00339686945546418,-0.00475871259812266,0.00247955804690719,-0.00257684541866183
-0.00494285192340612,0.00850587206427008,-0.00317120361607522,0.00626403554342687,-0.00841849328950047
-0.00952557501383126,0.00258271188475192,0.00304744104854763,0.00871375622227788,-0.00186765431892127
0.00339021656196564,-0.00337994182016701,0.00418333978857845,-0.00964178870432079,0.00958249977324158
0.00750899189617485,0.00949734803289175,-0.00922831612639129,-0.00126442485488951,-0.00460872123017907
0.00355468924622983,0.0088241811748594,0.00926659431308508,0.00806251844856888,-0.0073406539671123
-0.00474863993935287,0.00423677216283977,-0.00253974388353527,0.00123133233748376,-0.0056651399563998
0.000806104331277311,-0.00713126700837165,-0.0021604727068916,-0.00193227410782129,-0.00132935121189803
0.00847075854428112,0.00544761763885617,-0.00994687286671251,-0.00855321958661079,-0.00241352451965213
-0.00873804804868996,0.00710239139385521,0.00306673865765333,0.00949096269439906,-0.000331774903461337
0.00958107898943126,0.00120577977970242,0.00506792602129281,0.00909890134818852,0.00333316638600081
-0.00241444858256727,-0.00350562455132604,0.0091214491520077,0.00881702554877847,-0.00676691871136427
0.00664019165560603,0.00954358981456608,-0.00808433791156858,-0.00849250943399966,0.00525353476870805
-0.00645504271611571,-0.000320429182611406,0.00763894119299948,0.00559770862571895,0.00560617672279477
-0.000831110156141221,0.00260663231369108,0.000214425502344967,-0.00682323447894305,0.00824998735915869
-0.00832013295032084,-0.000354640283621848,-0.00843758046627045,0.00733152442146093,0.00569219378754497
0.00233341434504837,0.00810835397336632,-0.00594378213398159,-0.00941453044768423,0.00573281090706587
-0.00549700626637787,0.0051533205807209,0.00571323033422232,0.00111355512402952,0.0068506811466068
-0.00545464504975826,0.0077610473940149,-0.00667708212975413,0.0019890442956239,0.00481156202033162
-0.0099014793895185,0.00935844717547297,-0.00585868513677269,0.00993396233767271,0.00674705218989402
0.00275268001947552,0.00984508114866912,0.00110361964441836,-0.00570837712381035,-0.0073477671481669
-0.00881263081450015,-0.00802634539082646,-0.00615524717606604,-0.00699561225250363,0.00887464799918234
-0.00158774424809962,0.00345531226601452,0.00446266258601099,-0.00360194503329694,-0.00798949923831969
0.00119212584104389,-0.00542513840366155,-0.00837209691759199,-0.00778827928006649,0.00956332297530025
-0.00680619646329433,0.00294864872470498,0.00487316251266748,-0.00710358397569507,-0.00913147944025695
0.00748369571287185,-0.00875199557747692,0.00520294427871704,0.0067315956717357,-0.00294294683728367
0.00696287893690169,-0.00241233069449663,-0.00272438281215727,0.0023151118401438,0.0032891945540905
-0.00392646412365139,-0.00881263261660934,0.00160571929998696,0.00623062575701624,-0.0098024311196059
0.00937759294174612,-0.00252285520546138,-0.00234681854024529,0.00343430920504034,-0.00920408089645207
0.00551560164894909,0.00172467709518969,-0.00949704402592033,-0.00251382080372423,0.00284278890118003
-0.00430630232207477,0.00937645283993334,0.00133940586820245,0.0013497720612213,-0.00255295021925122
-0.00919153975788504,0.00305789119563997,-0.00785680970177054,0.00802536345552653,-0.00968253582715988
0.00902920679654926,-0.000161442090757191,-0.00216855674982071,0.00530045046471059,0.00317500395700336
-0.00564971887040883,-0.00565719427540898,0.000568431238643825,0.00373876777011901,-0.00685680935159326
-0.00545065641403198,0.00144548115786165,-0.00266491965856403,0.00141781345941126,0.00997497257776559
0.00740391642786562,0.00295735891908407,-0.0076868946198374,0.00146348679903895,-0.00547691146843135
0.00887787548825145,0.00659406240098179,0.0022755394782871,0.0078026017639786,-0.00303851068019867
-0.000388625543564558,-0.00664194195065647,-0.000394999943673612,-0.000845432626083492,0.000893771057017148
0.00922680949326605,-0.00428571212105453,-0.00751183371990919,-0.00844498082529753,-0.00345177914015949
-0.00573920413851738,0.00681909741833806,0.00762437522411346,-5.15304505825046e-05,0.00946789853274822
0.00725542872678489,0.007444640500471,0.000679654362611472,-0.00309385929722339,0.00414222470950335
-0.0088908152654767,-0.00506789365317672,-0.0085120747378096,0.00215975341852754,-0.00421950696967542
-0.00567693733144552,0.00292959013022482,-0.00221036713570356,-0.00213071442674845,-0.00225297077558935
-0.000207660347223282,-0.00549526558257639,0.0095768075902015,-0.0011013897228986,-0.0027084624581039
-0.00269564446993172,0.00774978544097394,0.00717994200997055,-0.00974399613682181,-0.000650776526890695
0.00536272363737226,-0.00938183379825205,-0.00103156669531018,0.00780225791968405,0.00107671306934208
-0.00645792003720999,0.00581579532008618,-0.00301117503549904,-0.00838814195245504,-0.0056359906680882
-0.000178491836413741,0.000692026908509433,0.00222302698530257,0.00569973770529032,0.00580262852367014
-0.00769651140086353,-0.00877820038236678,-0.00870682057458907,0.0022907380759716,-0.000596274281851947
-0.00988122864626348,0.00816659646108747,-0.00116427750792354,-0.00155439942609519,0.0083589111501351
0.00842828003689647,0.000151058714836836,-0.00370719473343343,-0.00413552357349545,0.000268878480419517
-0.00310951752122492,0.00337540951557457,-0.00642446524463594,-0.00738313478883356,0.00591917208395898
-0.00346657862421125,0.000598847288638354,-0.00291729327756911,0.0071671702247113,-0.000938831651583314
0.00450633819680661,-0.00937796075362712,0.00216051323339343,0.000941246845759452,-0.00374573140405118
-0.00631025244481862,0.00545273331925273,0.00465191624127328,-0.00223465082235634,-0.00353007576428354
-0.00186763302888721,0.00584325527306646,0.0012231465941295,-0.00694122010841966,0.00643091847654432
-0.00505064561963081,-0.00231956660281867,-2.92054936289789e-05,0.000397362089715898,-0.00208058490417898
-0.00519619489554316,0.00572560821659863,0.00312327879946679,-0.00953205019235611,-0.00413769298698753
-0.00147931488696486,-0.0089661326399073,0.00681092106737196,-0.0027464925032109,0.00501659678760916
-0.00736399358138442,0.00417380048893392,0.00483508408535272,-0.0096661858772859,0.00129360455553979
-0.00783327503595501,0.00150824573822319,0.00537592341192067,0.000179427554830908,-0.00964142583776265
-0.00895432470366359,-0.00977017376106232,-0.00405293288175017,-0.0061982454219833,-0.00666748885530978
-0.00919652493670583,0.00355039285961539,-0.000882007386535407,0.0099787139473483,0.00939955319743604
0.00413038597907871,-0.00584990081377327,0.00527685736306012,0.00800403465051204,0.00806811302434653
0.00769607990514487,0.00987530626356602,0.00883158083539456,0.00865100073162466,0.00177277816925198
-0.0010381677094847,-0.0001964380312711,-0.00737183242104948,0.000464351098053158,0.00561321356333792
-0.00416211100760847,-0.00739205338992178,0.00752956124022603,0.0069506837753579,5.03719970583912e-05
0.00416383471339941,0.00598679391667247,0.00484722235705703,0.000329082664102316,-0.00332977923564613
0.00179490712936968,-0.00361042246688157,0.00574827275704593,0.00904833918903023,-0.00392447428777814
0.0024591737287119,0.000611419933848082,-0.00259539672639221,-0.00949371291324496,-0.00421678403858095
-0.00800084967631847,-0.00223072176799178,-0.00750503066461533,-0.00356305843219161,-0.0043807284347713
-0.000726902559399605,-7.76195432990786e-05,-0.00739798183552921,0.005823182919994,-0.00442811824847013
0.00667552311439067,-0.0026575669599697,0.00676090920809656,-0.00201401563361287,-0.00906177042983472
0.00338174446020275,-0.00450322195421904,0.00960417578462511,0.00411886285524815,0.00922486952506006
-0.00772695851512253,0.00419878742657602,-0.0098261400917545,-0.00677153939381242,0.000304232640191913
0.00299219822511077,0.00106620803009719,-0.00859482791740447,0.00301407419610769,-0.00278286163229495
0.00352401868905872,0.00763656159397215,-0.00184721454046667,0.00155554197728634,-0.00362207321450114
-0.0069209834607318,0.00346034152433276,0.00799162354320288,0.00208553633652627,-0.00122036561835557
0.00166803042870015,-0.00762013009283692,0.00875419227406383,0.00427283280994743,0.00956331197638065
0.00775467677041888,-0.00456802138127387,-0.00294364226050675,-0.000436458643525839,0.00351061161607504
-0.000508010522462427,-0.00851296942681074,0.00326582720968872,0.00144007106311619,-0.00662342002149671
-0.00360447148326784,-0.00442873340565711,0.00638189677149057,-0.00330386769492179,0.00619532518554479
0.00558006650768221,-0.00360693393740803,-0.0024141612323001,0.00418983727227897,-0.00688720544800162
-2.75127030909053e-05,0.00534721355885267,0.00221300507895648,0.00902617964427918,0.0039589380659163
-0.00248493280261755,0.00679257870651782,0.00579491654410958,-0.0086113816825673,0.00822540027555078
-0.00604450072161853,0.00240979770664126,-0.00220295990351587,0.0048495986033231,-0.00810215431265533
0.00347895198967308,0.00343490374274552,-0.00979451759252697,-0.00831686555407941,0.00887134569697082
-0.00644311060663313,0.00723133394028991,-0.00715557985473424,-0.00922399629373103,-0.00211309344973415
0.00388126856647432,-0.00768445577006787,0.00166817499324679,-0.00253008145373315,-0.00942860489245504
-0.00725031626410782,-0.0039204316213727,-0.00357710801996291,-0.00613017702940851,0.00194817200768739
0.00943307808600366,0.00744839422404766,0.00130094656720758,0.00884499609470367,-0.0066645231237635
0.00758597125764936,-0.00694211221765727,-0.00756217624992132,-0.00942578457295895,0.00672852859832346
-0.00656018651556224,0.007450199900195,0.00864899406675249,-0.00984070736449212,0.00165631836280227
0.00537119271699339,0.000629219757393003,-0.000401013158261776,-0.00590425755362958,0.00544823923148215
-0.000136518343351781,0.00609651903621852,0.0039672901853919,-0.00593584872316569,0.000649318168871104
0.0088386151380837,-0.000586672429926693,0.00291318455245346,-0.000159876481629908,-0.00586781850084662
-0.00853424024768174,-0.000301092732697725,0.00378326533827931,0.00279059001244605,0.000529237417504191
-0.00307798807974905,-0.00639854865148664,-0.00890493137296289,0.00403158494271338,0.00527751331217587
-7.23328022286304e-05,-0.00212813238613307,-0.00669532870408148,-9.86911589279764e-05,0.00451633961871266
-0.00167466610204428,-0.001315490109846,0.00227441572584212,-0.000112141193822026,-0.00571553078945726
-0.00165758631657809,-0.00992632217239589,0.00509644885547459,0.00132767799310386,-0.00921590533107519
-0.0095811173459515,0.00690205987077206,-0.00186811306513846,0.000251078996807336,-0.00397534015588462
-0.00636767364107072,0.00406402931548655,0.00267678963951767,0.00632223175372928,-0.00391756115481257
0.00101085680536926,-0.00908975011669099,-0.00881735861767083,-0.00695140294730663,-0.00685488108079881
-0.00648954737000167,0.00257683770731091,0.00783771703951061,-0.00804568871855736,0.00371960037853569
-0.00478147246409208,0.000788513412699103,-0.00146230443380773,0.00574263991322368,-0.0022064624261111
0.00409962262958288,-0.00416297490242869,0.00401932084001601,-0.00115215426310897,0.00891947590280324
-0.00217345089651644,-0.00182591134216636,0.00286809515208006,0.00997692117001862,-0.00476082857232541
0.00583032816648483,0.00231213565450162,-0.00494665128178895,0.00464905789587647,-0.00681698134634644
0.00384878361131996,-0.00702089490834624,-0.00417796183843166,-0.00997569524217397,0.00473370834253728
-0.00140998552087694,0.00371536287013441,-0.00584441450424492,0.00619691881816834,-0.00899315201677382
-0.00695042739622295,0.00203364992979914,0.00848671718500555,-0.00879642114974558,-0.00999568999744952
-0.00772911987733096,-0.00284346289001405,0.00396046747453511,0.00458063524682075,0.00189825932029635
-0.0082438208302483,-0.00386160627007484,0.00423887121025473,-0.00273029255215079,-0.00455491065513343
0.00472505293320864,0.00771909295581281,0.00650318886619061,-0.00611067895311862,0.00594100371468812
0.000182297513820231,-0.00123986318707466,0.00409332718234509,-0.00784746982622892,0.00618608499411494
0.00400075141806155,0.000846744179725648,-0.00574955661781132,0.00306149614974856,-0.0053817102080211
-0.00574340097606182,2.30063032358886e-05,-0.00859455456025898,0.00423405923880637,0.00963917193934321
-0.00530011491850019,-0.00290100487414747,0.00246680903248489,0.00242729080840945,0.00870534846559167
0.00443040281534195,-0.00223408796824515,-0.00157267392612994,-0.0084223692631349,-0.00259751657955349
0.00746002618223429,5.50637580454347e-05,0.0047299212962389,0.00287389307282865,-0.00839594340883195
0.00355604105163366,-0.0035118800168857,0.00248845871537924,0.00015572146512568,0.00290660804603249
-0.00361631388776004,-0.00651216862723231,-0.00538343775551766,-0.00112256802618504,0.00851647927425802
0.00312327040359378,0.00417608947027475,-0.00590896096080542,-0.00126440506894141,0.000916678672656417
-0.00757510863710195,0.00663311702664941,-0.00585365928243846,-0.00976444268599153,-0.00822773272171617
0.00567690845113247,-0.00174763914663345,0.00083605621010065,0.00870053013321012,0.00391820137389004
0.00676966873463243,-0.00481127727776766,0.00963852876797318,0.00553792454302311,-0.00494733941741288
-0.000438036737032235,-0.00418485376052558,0.00483669854234904,0.00739397808909416,0.00488356930669397
-0.00187418843153864,-0.00913234701845795,0.0025072390306741,0.00762168708723038,0.00562271905597299
-0.00550520776771009,0.000758509263396262,0.00858762905932963,0.00509142688941211,0.00901235934812576
-0.00720816578250378,-0.00100201375316828,0.00880159175023437,0.00661599774844944,-0.00148235253989696
-0.0043031247984618,0.00423979841172695,-0.00436961899045855,0.00767019163351506,-0.00924918760545552
-0.00425022071227431,-0.000994534776546062,-0.00383461706340313,0.00950014633126557,-0.00248829764313996
0.0024942216090858,0.00417179943993688,0.00729531426914036,-0.00447729316540062,-0.00105305184610188
-0.00808741501532495,0.00137073611374944,0.00169195220805705,0.00353949341922998,0.00818837225437164
-0.0074695076001808,0.00671142321079969,-0.00296281121205539,-0.0076814370136708,-0.00439221398439258
0.00695276223123074,0.00867922807112336,0.00298252647276968,0.00572460912633687,0.00918216628953814
-0.00616834717802703,0.00762170025147498,0.00178165611345321,-0.00354313774034381,-0.0024862158484757
0.00635770644061267,0.00633015674073249,0.00988844864070416,-0.00148849556222558,0.0023876434750855
0.00936120559927076,-0.00920246547088027,-0.00927546454593539,-0.00864534591324627,-0.00551808590535074
-0.00650891102850437,-0.00489708503708243,0.00444750536698848,0.00184770968277007,0.00311353666242212
0.00249640696216375,-0.00506094260141253,0.000388654605485499,0.00143712028861046,0.00640576255042106
-0.00870482781901956,0.00924158859997988,-0.003533567157574,-0.00731772830244154,-0.000606917156837881
0.00183965164702386,-0.00716906563378871,-0.00115616487339139,0.000663767899386585,-0.00733472641091794
0.00461832700762898,0.00674824877176434,0.00207473416812718,-0.00146974952891469,0.000771363661624492
0.00611793222371489,0.00665571877732873,-0.00921120731160045,-0.00254398455377668,0.00620282747317105
0.00195648611523211,0.00953960374929011,0.002511584488675,-0.00770426675677299,-0.00949838146101683
-0.00964248228818178,0.00904769615270198,-0.00750038467813283,0.00893659276887774,0.00289400645066053
-0.00500439790077508,-0.00229728571604937,0.00223392210900784,0.00566641116980463,0.000408848077058791
-0.00289423203095794,-0.00681700917426497,0.0016079741762951,0.00436736302915961,-0.00926346829626709
-0.00479979584924877,0.00659973110537976,-0.00421045192983001,0.00534850029274821,-0.00246798133011907
-0.000277265277691185,-0.00943546441849321,-0.00742882491089404,-0.00201938953250647,-0.00926856862381101
-0.00140949993859977,0.00363133982755244,-0.0076530517777428,-0.00661294875666499,0.00622220964636654
-0.00700427822768688,-0.00493570296559483,0.00573858639691025,-0.00689555022399873,-0.00606245240196586
-0.00100609924178571,-0.0026446000719443,-0.00125473816879094,-0.00625867501366884,0.00936715414747596
0.00261411253362894,-0.00654421501792967,-0.00353088948875666,-0.000980450133793056,-0.00673074313439429
0.0040998176811263,0.00629039799328894,-0.00518918428104371,0.00402806495781988,0.00423208711668849
0.00949055462144315,0.00165999543853104,0.00826515439897776,0.00948601477779448,-0.00697582688182592
0.00301846426445991,0.00174075768329203,-0.00217239866033197,-0.000789435929618776,0.00981287453789264
0.0097212352277711,-0.000553110921755433,-0.00851704345550388,0.00100059093907475,0.00665097700431943
-0.00607161751482636,-0.00259527357760817,0.000981803215108813,0.00321365037932992,-0.00219589381478727
-0.00962072486057878,-0.00789544875733554,-0.00898315269034356,0.0010498498659581,-0.00694497697521001
0.00192802405450493,0.00338214462157339,-0.00806440558750182,-0.000732316789217292,-0.00902046378236264
0.0039506318885833,-0.00157697280403227,-0.00084605067037046,0.00475306558422744,-0.00339808352291584
0.00799552892334759,-0.00681984041817486,-0.000324848443269729,-0.00374801337253302,-0.00652400982566178
-0.00855684061534703,0.00512512573506683,-0.00426568791735917,0.00846445900388062,-0.00374236967880279
0.00616587346885353,0.00163970381487161,-0.00435409789904952,0.00178851968608797,0.00851788994856179
-0.000356077495962382,0.0072100939322263,-0.00633647113107145,0.00786315647885203,-0.00755959155037999
-0.00301543934736401,-0.00647462756372988,-0.00844654756598175,0.00826772337779403,-0.00945826652925462
0.00969810352195054,-0.00383952763397247,-0.00302554758731276,0.00717234037816525,0.00968441965058446
0.0033782561449334,0.00918553605210036,0.00635392635595053,-0.00563378756400198,0.00664844970218837
0.00554968612268567,-0.00925954460166395,-0.00429533580783755,0.0068092765333131,0.00784295290708542
-0.00805331766605377,0.0030003514746204,-0.00314865787979215,0.00708232218865305,0.00241772830951959
-0.0052456128410995,7.26443622261277e-05,-0.009534339341335,-0.00461942385416478,-0.00995893305633217
0.00363748726435006,0.00766528978478164,0.00210021169390529,-0.0019018781837076,0.00762799073942006
0.008473442774266,-0.000179625949822366,-0.00620877356734127,0.00371016782242805,0.00462980661075562
-0.00335935883689672,0.00835703227669001,-0.00105576238594949,-0.00422121450770646,-0.00854633481241763
-0.000389180881902575,0.00400277710519731,0.00150745070539415,-0.00987979336176068,-0.00337186634540558
0.00327953879255801,0.00445369434077293,-0.000305673009715974,0.00575230326037854,-0.00109287508297712
0.0060560519900173,-0.00781820972450077,0.00412441839464009,0.00807713125366718,0.00377615288365632
0.00199832073878497,-0.0085514368256554,-0.00251492014154792,0.00271051609888673,-0.00515473968815058
0.00856726173311472,0.0089849739568308,-0.00397284793201834,0.00148414219263941,0.00668386555742472
-0.00717955050058663,-0.000915855010971427,0.00633558592759073,0.00841588542796671,-0.00725884376559406
0.00117832312360406,-0.00831631020642817,0.00273805285803974,-0.00471406221855432,-0.0020039397245273
0.000454339948482811,0.00309886670205742,0.00271105822641403,0.00990245231892914,0.0089456844329834
-0.0065859307628125,-0.00468908943235874,-0.00682718483731151,-0.00283000519499183,-0.00936689484864473
-0.0091922311950475,0.00894840626511723,-0.00632283047307283,0.00812222697772086,0.00202396675944328
0.00617108845617622,-0.00561895105056465,-0.00851883914321661,-0.00896576669532806,0.00140147504396737
-0.00391236815601587,-0.00701599843800068,-0.00481617467477918,0.00300673662684858,0.00585223206784576
0.00645262699574232,0.00769081334583461,0.00442100373096764,0.00354382328223437,0.00389922165777534
0.00388087769038975,-0.000457287393510341,-0.00352709187660366,0.00221124192234129,-0.000980469309724867
-0.000872016618959606,-0.00673504316248,-0.00208878958597779,-0.00977624088991433,0.00145422966219485
0.00260406597051769,0.00236613458022475,-0.00943722007330507,-0.00758299159351736,0.0025654358882457
-0.000660240743309259,0.00374511914793402,-0.00312259955797344,-0.0037944849813357,0.00913295609410852
0.00888990605715662,-0.00600813331548125,-0.00505418967921287,0.00113281451631337,0.00479560661595315
-0.00436665099579841,-0.00580771580338478,-0.00832969607319683,-0.00388566119130701,0.00122101588174701
-0.00603429441340268,0.00944871554151177,-0.00740018866024911,-0.00542668093461543,-9.48547525331384e-05
-0.000933833261951804,0.0052095258468762,-0.00682909023948014,-0.00358684960287064,0.00420489248819649
-0.00635884750168771,-0.00364425045903772,0.00020291408058256,-0.00746805713977665,-0.00863289911765605
0.00533394676167518,-0.00216744171921164,-0.0020261718891561,0.00821658907458186,-0.00819154470227659
-0.00761684260331094,0.000720642204396427,0.00242568464484066,-0.0046320471027866,0.000437089665792883
0.00991170825436711,0.00409247498959303,0.00163247088436037,-0.00136441604699939,0.00382464985363185
0.00168101962655783,0.00593603461049497,-0.00522442178335041,-0.00688043272122741,-0.00179698543157429
-0.00663598776329309,0.0096036351332441,-0.00578081600368023,0.00678559368941933,0.00289840776473284
0.00857054005842656,-0.000882939826697111,0.00544654963072389,0.00516303676180541,0.00856431886553764
0.00234359998721629,-0.00926807926036417,-0.00680378290824592,-0.00181861127261072,0.00470533156767488
0.00315125138498843,-0.00183747128583491,-0.00326539460103959,-0.00208142109680921,0.00748216195032001
0.00296896367333829,0.00390243992209435,-0.000151833086274564,-0.00646637719124556,-0.00518406895454973
0.00116601882968098,0.00267317190300673,-0.00904585469979793,0.00584917870350182,0.000932368929497898
-0.000262731085531414,0.00667204379104078,0.000665776282548904,-0.00127897483296692,-0.00689717897213995
0.00656083604786545,0.00396538065280765,-0.00967693733517081,0.00810306385625154,0.00344944385346025
-0.00728018681518734,-0.00210619136225432,-0.00561635309830308,0.00352183731738478,-0.00225426390767098
-0.00996859301347286,0.00245778756216168,0.00334036529995501,-0.0033535911468789,0.00594249512534589
0.0069089595368132,-0.00675741354003549,0.0091478714114055,-0.00338484338484705,0.00504745872691274
-0.00884002631064504,-0.00769501470029354,-0.00356629578862339,0.00488091240171343,7.40320328623048e-05
0.00989203604869545,-0.00438469253946096,0.00027829279191792,0.00662239695899189,-0.00478214171249419
-0.00563779966440052,-0.0015824496652931,-0.00014728153590113,0.00525533583015204,-0.00802144230809063
0.00167776106391102,-0.00330216138157994,0.00435924833640456,0.00675491211004555,0.00218551517464221
0.00979746046941728,-8.36249440908429e-05,0.0011243130126968,-0.00630029783118516,-0.00231913726311177
-0.0059177219402045,0.00578911316581071,-0.00157971329521388,0.000831242185086012,-0.00718926325906068
0.00639057849068195,-0.00743593367747962,-0.00555370083078742,-0.00422229209449142,0.00841595202684403
-0.00808431447017938,0.00863444045186043,0.00616900800261646,-0.00701519849710166,0.00945913460571319
0.0060637731757015,-0.00905628659296781,0.00345984524581581,-0.00589434750378132,-0.00487237056251615
0.00347701524849981,0.0048886503232643,0.00880183270201087,0.0093582821637392,0.00906686326023191
0.00460009505040944,-0.00530452158302069,0.00102224919013679,-0.000591676156036556,-0.00676629153080285
-0.00151278004515916,-0.000415851539000868,-0.00714126420207322,-0.00589405479375273,0.00641684472560883
-0.00810133598279208,0.00865867504384369,-0.00882605236954987,0.00992108684964478,-0.00672590282745659
-0.00307776805479079,0.00121358300559223,-0.00169084652327001,-0.000912323608063162,-0.00929487863089889
0.005651003732346,0.00678359210956842,0.00773992120288313,0.00354284906294197,-0.00931544866878539
0.00381707657128572,-0.00283586052712053,0.00625311034731567,0.000778400171548128,0.00563748086337
3.73424310237177e-05,-0.00701406895183027,0.00837728246115148,0.00608795681968331,0.00354568370617926
-0.00507257865741849,-0.00935955573339015,-0.00812329486012459,-0.00736122958362103,0.00129578524269164
-0.00337046061642468,0.00935283510480076,0.0056936811003834,0.00367398873437196,-0.00427119429223239
-0.00718091796617955,0.00429041600786149,-0.00938131364993751,-0.0019332749536261,-2.35256133601074e-05
-0.00184042762033641,-0.00184871344361454,0.00974630206357688,0.00969867118168622,-0.00509415519423783
-0.00320591939147562,0.00631173743866384,-0.00847780378069729,-0.00119474638719112,0.00108477611560374
-0.00976133334450424,0.00904456976335496,0.0012586358608678,-0.00671017792075872,0.00237109058070928
0.00969531186856329,0.00173027643468231,-0.0042193362256512,0.00251568262930959,-0.00135747716296464
-7.7078389003872e-05,0.00724888893309981,0.00439339640084654,-0.00708842794876546,0.00491887360811234
0.00559556115418673,-0.00298594989813864,0.00725337699521333,0.00595336901955307,0.00613522013183683
0.00662464591208845,-0.0034348899545148,0.00951402951963246,-0.0052826968068257,0.00318582920357585
0.00770875920541584,0.00951715476810932,-0.00530096253380179,0.00477551230695099,-0.00231493736617267
-0.00411403323989361,-0.00111726639792323,0.00994937986135483,0.00630314091220498,-0.00604843542445451
0.000552688520401716,0.0050122202327475,0.00621496625710279,0.00939404788892716,0.0097698702570051
0.00251580870710313,-0.00532158652786166,-0.00258738886099309,-0.00782950262539089,-0.0047370984358713
-0.00586982864420861,-0.000414849407970905,0.00168595803435892,0.00332747407257557,-0.0054927474539727
-0.00950217978097498,-0.00433015587273985,0.00372373471502215,0.00213703827932477,-0.00790223312098533
-0.00731597809121013,-0.00716519366949797,-0.00215850631240755,-0.00785206912085414,-0.00100749553181231
-0.00625249213073403,-0.00924067937768996,-0.00109803108498454,-0.00200293446425349,-0.00662120200693607
-0.00413408682215959,-0.00603958021383733,-0.00209115406032652,0.00114699400961399,0.00653255069162697
-0.00972007285803556,-0.00102958104107529,0.00112133837305009,0.00812976458109915,0.0013702268153429
0.00123018046841025,-0.00862638686783612,-0.00650211062282324,0.00154748876113445,-0.00877379382029176
0.00147756551392376,-0.00275078832171857,-0.00110969572328031,-0.00763720041140914,0.00424878044053912
0.00740601973142475,9.38495434820649e-05,0.00512528335675597,0.00725226845126599,0.00602462789509445
-0.00826720990706235,0.00374985717702657,-0.00425326228607446,-0.00367501493543386,-0.00534582729451358
0.007865403406322,-0.00677640171255916,0.00504598247818649,-0.00772457060404122,0.00150458004325628
0.00720900454092771,-0.00469537239987403,-0.0030415165796876,0.00521417890675366,0.00664495891425759
-0.00175726449117065,-0.00947562840301544,0.00460169936995953,-0.00831220101099461,-0.00774523991625756
0.00810366893187165,0.00741986822802574,-0.00854456739034504,0.00385736374184489,-0.000463554263114929
-0.00683660714421421,-0.00207360533997416,0.00502134572248906,0.00536456819623709,-0.000683195572346449
-0.00118672757409513,0.00856393424794078,-0.00199972312431783,0.00785720884799957,-0.00683082425966859
0.0035987941455096,0.00626837723422796,0.00376899009104818,0.00465860348194838,0.000963965761475265
0.00636273697484285,-0.000887642661109567,-0.00840391058474779,0.00745309918187559,0.00554303190205246
-0.00895632029045373,-0.000770381023176014,-0.00432574918027967,-0.00123220494482666,-0.00707553669344634
-0.00154529391322285,-0.00959471409674734,-0.00839647887740284,-0.0089257144741714,0.00133931544609368
0.00576551047619432,0.00294771935325116,-0.00474199767224491,-0.00840286309830844,0.00492093363311142
-0.00377952460199594,0.000305479303933679,-0.00963726008776575,0.00635749361012131,-0.00585964058991522
0.00476184146478772,0.00547845577821135,-0.00273690391797572,0.00697641832754016,0.0041549875587225
0.00596500583924353,0.00492721946910024,-0.00805288660340011,-0.00245937328785658,0.00707657410763204
0.00952513134106994,0.00158318284898996,-0.00594824324827641,0.000478578670881689,0.0069225817034021
-0.00741549766156822,0.00956942019984126,0.00576265875715762,0.00581542584579438,0.00834881863556802
-0.00461741313803941,-0.00866304489318281,0.00829191203229129,0.00940839036367833,0.00633126174099743
-0.0064785396726802,0.00176672470755875,0.00996452181134373,-0.00486732344608754,-0.00291007445193827
-0.0026358730206266,0.00786471607163548,0.00254085103981197,-0.00339543194510043,-0.00135953805875033
0.00889618021901697,-0.00379855125211179,0.00464676221832633,-0.00166873646900058,0.000388982431031764
0.00907084908336401,0.00623576522339135,0.00281540423166007,-0.000502183777280151,-0.00115541425067931
-0.00647660401649773,0.00213054046500474,-0.00651841567829251,-0.00912677718326449,-6.59086229279644e-05
0.00671638500411064,0.0021839232603088,0.000984025201760233,0.00524511007126421,-0.00796941655687988
0.00529511526692659,-0.00853513727895916,-0.00790388360153884,-0.0015340442629531,-0.00443302432540804
0.00187670515384525,-0.00875401963014156,0.00884640069212765,-0.00141719444654882,-0.00454205962363631
0.00583440560847521,-0.00750458500348032,0.00162661069072783,-0.00780775203835219,-0.00337396193761379
-0.0065080428449437,0.00767453512176871,-0.00881818738766015,-0.00574767928570509,0.00165843580383807
0.00300846347119659,0.00739617930725217,-0.000201889760792256,0.00442195693496615,4.54318057745689e-05
0.00598711642902344,-0.00216193788684905,0.00687285854946822,-0.00513387721031904,-0.00546238945797086
0.00925023087766022,-0.00513143625110388,0.00616901722736657,0.00378384926356375,0.00941916977055371
0.00892655693460256,-0.00416622371412814,-0.00482300889212638,-0.00989723610226065,-0.00366934287361801
-0.000405716942623258,-0.00223949890583754,-0.00578474973328412,-0.00187940341420472,-0.00804313064552844
-0.00913657953497022,-0.00670558257959783,0.00223198710475117,-0.00269961318001151,0.00471068809274584
0.0077783572440967,-0.00755717331543565,0.00958400170318782,-0.00166993576101959,-0.000644909138791262
0.00511169442441315,0.0027044602110982,-0.00844163103494793,0.000497377198189496,-6.17160229012363e-05
0.00778508213814348,-0.00513781459070742,0.000962653304450214,-0.00906545235775411,0.00447752980981022
0.004368746438995,0.00640657680109143,0.0020643775863573,-0.00393135219812393,0.0045666842861101
0.00265305281151086,-0.00304444130510092,-0.00957520820666105,-0.00573205526918173,-0.00993636922445148
0.00186221222858876,0.0080816063657403,0.00120160355698317,-0.00803515765815973,-0.000560806361027061
-0.00932300982996821,-0.00417818434070796,-0.0060401780391112,-0.00326423051767051,0.00931930393911898
-0.0029952032957226,-0.00759095132816583,-0.00832919363863766,-0.0045621543424204,-0.00838872730266303
-0.00211418136488646,-0.00848018574528396,0.00218416637275368,-0.00112152892164886,0.00762314792256802
-0.00252539881505072,-0.00514209676068276,-0.0032521757716313,-0.00694541661068797,0.00300440602470189
0.00748310334514827,-0.00189206947572529,-0.000634409803897142,-0.000101555949077009,-0.00560893238056451
-0.00962204239796847,0.000965995234437286,0.00378751477226615,0.00944699161220342,-0.00114801911171526
-0.00832550736609846,0.00246683320496231,0.00101280802860856,0.00419930693227798,0.000665583568625151
-0.00193329718429595,0.00601157470140606,-0.00420385861769319,-0.00613298029173166,-0.00586663310881704
-0.0085829968098551,0.00703624818939716,-0.00536442587152123,-0.00731839170213789,0.00147404232528061
-0.000868194606155157,0.00313472462352365,-0.00513893310446292,-0.00958087787032127,0.00381631467025727
-0.00325791840907186,0.00675609949976206,0.00789689540863037,-0.00985458428505808,-0.00458208564668894
0.00501163844950497,0.00215194918680936,-0.0039152955589816,0.00803481946699321,2.38025374710554e-05
-0.00175365957897156,0.00299955330323428,0.00993206604849547,-0.00921812683809549,-0.00444604436866939
-0.00955620142165571,-0.00374484995845705,0.000914053437300026,0.00317644729278982,0.00599133934359997
-0.00543433407787234,-0.00273508695419878,-0.00813772298395634,-0.00972854755353183,0.00106142988428473
-0.00104181250557303,0.00221987771335989,0.000978091531433165,-0.00263282506726682,0.00642338925972581
-0.00505423828493804,-0.000335462735965847,-0.00294693156611174,-0.00673591027036309,-0.00237097233533859
-0.000563982743769884,0.000932799191214145,-0.00249575307127088,0.00157113578170538,0.00847107490990311
0.0038900233572349,0.000997502505779266,0.00537958584725857,-0.00695246092509478,-0.0063460780447349
0.00496134795248509,0.00361672862432897,0.00164260419551283,-0.000563622722402214,-0.00958224545698613
-0.00984111420810223,0.00813434991519898,0.00556864145211875,0.00512249646242708,-0.00168074695859104
-0.00942285938654095,0.00989738739095628,-0.000954247401095927,-0.00551784676499665,-0.00851513625588268
0.00907573794946074,0.00291686714626849,0.0063337810151279,-0.00312654258217663,0.00772129840217531
-0.00843104301486164,0.00837521282956004,-0.00937161539681256,-0.00583771915175021,-0.00577952789608389
-0.000619660560041667,-0.00037941730581224,0.0017898086598143,-0.00316518534440547,0.00807208253536374
0.00745928878895938,0.00138535175938159,-0.00234517347067595,-0.00646500115282834,-0.00624084146227688
0.00367468230426311,0.00454015573952347,0.000373695115558802,-0.00738970755133778,-0.000384248467162252
-0.00350835819263011,-0.00931866338010877,0.00663585045840591,0.00409272752236575,-0.00146915101446211
-0.000453832852654159,-0.00456900681369007,-0.00340298555791378,0.00281217974610627,0.00932330883573741
